https://sneakers-heat.com/products/adidas-consortium-zx4000-4d-carbon-bd7865,https://stockx.com/adidas-zx-4000-4d-carbon
https://sneakers-heat.com/products/adidas-futurecraft-4d-footpatrol-bb9532,https://stockx.com/adidas-futurecraft-4d-footpatrol
https://sneakers-heat.com/products/adidas-nmd-r1-pk-og-s79168,https://stockx.com/adidas-nmd-core-black-lush-red
https://sneakers-heat.com/products/adidas-nmd-r1-sneakersnstuff-datamosh-clear-aqua-bb6364,https://stockx.com/adidas-nmd-r1-datamosh-clear-aqua
https://sneakers-heat.com/products/adidas-yeezy-500-blush-db2908,https://stockx.com/adidas-yeezy-500-blush
https://sneakers-heat.com/products/adidas-yeezy-500-bone-white-fv3573,https://stockx.com/adidas-yeezy-boost-500-bone-white
https://sneakers-heat.com/products/adidas-yeezy-500-salt-ee7287,https://stockx.com/adidas-yeezy-500-salt
https://sneakers-heat.com/products/adidas-yeezy-500-soft-vision-fw2656,https://stockx.com/adidas-yeezy-500-soft-vision
https://sneakers-heat.com/products/adidas-yeezy-500-super-moon-yellow-db2966,https://stockx.com/adidas-yeezy-500-desert-rat-moon-yellow
https://sneakers-heat.com/products/adidas-yeezy-500-utility-black-f36640,https://stockx.com/adidas-yeezy-500-utility-black
https://sneakers-heat.com/products/adidas-yeezy-boost-350-v2-antlia-fv3250,https://stockx.com/adidas-yeezy-boost-350-v2-antlia
https://sneakers-heat.com/products/adidas-yeezy-boost-350-v2-beluga-2-0-ah2203,https://stockx.com/adidas-yeezy-boost-350-v2-beluga-2-0
https://sneakers-heat.com/products/adidas-yeezy-boost-350-v2-black-fu9006,https://stockx.com/adidas-yeezy-boost-350-v2-black
https://sneakers-heat.com/products/adidas-yeezy-boost-350-v2-blue-tint-b37571,https://stockx.com/adidas-yeezy-boost-350-v2-blue-tint
https://sneakers-heat.com/products/adidas-yeezy-boost-350-v2-butter-f36980,https://stockx.com/adidas-yeezy-boost-350-v2-butter
https://sneakers-heat.com/products/adidas-yeezy-boost-350-v2-citrin-fw3042,https://stockx.com/adidas-yeezy-boost-350-v2-citrin
https://sneakers-heat.com/products/adidas-yeezy-boost-350-v2-clay-eg7490,https://stockx.com/adidas-yeezy-boost-350-v2-clay
https://sneakers-heat.com/products/adidas-yeezy-boost-350-v2-cloud-white-fw3043,https://stockx.com/adidas-yeezy-boost-350-v2-cloud-white
https://sneakers-heat.com/products/adidas-yeezy-boost-350-v2-cloud-white-reflective-fw5317,https://stockx.com/adidas-yeezy-boost-350-v2-cloud-white-reflective
https://sneakers-heat.com/products/adidas-yeezy-boost-350-v2-cream-white-cp9366,https://stockx.com/adidas-yeezy-boost-350-v2-cream-white
https://sneakers-heat.com/products/adidas-yeezy-boost-350-v2-glow-eg5293,https://stockx.com/adidas-yeezy-boost-350-v2-glow
https://sneakers-heat.com/products/adidas-yeezy-boost-350-v2-hyperspace-eg7491,https://stockx.com/adidas-yeezy-boost-350-v2-hyperspace
https://sneakers-heat.com/products/adidas-yeezy-boost-350-v2-lundmark-fu9161,https://stockx.com/adidas-yeezy-boost-350-v2-lundmark
https://sneakers-heat.com/products/adidas-yeezy-boost-350-v2-semi-frozen-yellow-b37572,https://stockx.com/adidas-yeezy-boost-350-v2-semi-frozen-yellow
https://sneakers-heat.com/products/adidas-yeezy-boost-350-v2-sesame-f99710,https://stockx.com/adidas-yeezy-boost-350-v2-sesame
https://sneakers-heat.com/products/adidas-yeezy-boost-350-v2-static-ef2905,https://stockx.com/adidas-yeezy-boost-350-v2-static
https://sneakers-heat.com/products/adidas-yeezy-boost-350-v2-static-reflective-ef2367,https://stockx.com/adidas-yeezy-boost-350-v2-static-reflective
https://sneakers-heat.com/products/adidas-yeezy-boost-350-v2-synth-fv5578,https://stockx.com/adidas-yeezy-boost-350-v2-synth
https://sneakers-heat.com/products/adidas-yeezy-boost-350-v2-true-form-eg7492,https://stockx.com/adidas-yeezy-boost-350-v2-true-form
https://sneakers-heat.com/products/adidas-yeezy-boost-350-v2-zebra-cp9654,https://stockx.com/adidas-yeezy-boost-350-v2-white-core-black-red
https://sneakers-heat.com/products/adidas-yeezy-boost-700-analog-eg7596,https://stockx.com/adidas-yeezy-boost-700-analog
https://sneakers-heat.com/products/adidas-yeezy-boost-700-hospital-blue-fv8424,https://stockx.com/adidas-yeezy-boost-700-hospital-blue
https://sneakers-heat.com/products/adidas-yeezy-boost-700-inertia-eg7597,https://stockx.com/adidas-yeezy-boost-700-inertia
https://sneakers-heat.com/products/adidas-yeezy-boost-700-magnet-fv9922,https://stockx.com/adidas-yeezy-boost-700-magnet
https://sneakers-heat.com/products/adidas-yeezy-boost-700-mauve-ee9614,https://stockx.com/adidas-yeezy-700-mauve
https://sneakers-heat.com/products/adidas-yeezy-boost-700-salt-eg7487,https://stockx.com/adidas-yeezy-boost-700-salt
https://sneakers-heat.com/products/adidas-yeezy-boost-700-teal-blue-fw2499,https://stockx.com/adidas-yeezy-boost-700-teal-blue
https://sneakers-heat.com/products/adidas-yeezy-boost-700-utility-black-fv5304,https://stockx.com/adidas-yeezy-boost-700-utility-black
https://sneakers-heat.com/products/adidas-yeezy-boost-700-v2-geode-eg6860,https://stockx.com/adidas-yeezy-boost-700-v2-geode
https://sneakers-heat.com/products/adidas-yeezy-boost-700-v2-inertia-fw2549,https://stockx.com/adidas-yeezy-boost-700-v2-inertia
https://sneakers-heat.com/products/adidas-yeezy-boost-700-v2-static-ee2829,https://stockx.com/adidas-yeezy-700-v2-static
https://sneakers-heat.com/products/adidas-yeezy-boost-700-v2-tephra-fu7914,https://stockx.com/adidas-yeezy-boost-700-v2-tephra
https://sneakers-heat.com/products/adidas-yeezy-wave-runner-700-solid-grey-b75571,https://stockx.com/adidas-yeezy-wave-runner-700-solid-grey
https://sneakers-heat.com/products/adidas-zx4000-4d-black-onix-bd7931,https://stockx.com/adidas-zx4000-4d-black-onix
https://sneakers-heat.com/products/adidas-zx4000-futurecraft-4d-b42203,https://stockx.com/adidas-zx-4000-futurecraft-4d-grey-one
https://sneakers-heat.com/products/air-fear-of-god-1-black-ar4237-001,https://stockx.com/nike-air-fear-of-god-1-black
https://sneakers-heat.com/products/air-fear-of-god-1-frosted-spruce-ar4237-300,https://stockx.com/nike-air-fear-of-god-1-frosted-spruce
https://sneakers-heat.com/products/air-fear-of-god-1-light-bone-ar4237-002,https://stockx.com/nike-air-fear-of-god-1-light-bone
https://sneakers-heat.com/products/air-fear-of-god-1-orange-pulse-ar4237-800,https://stockx.com/nike-air-fear-of-god-1-orange-pulse
https://sneakers-heat.com/products/air-fear-of-god-1-sail-ar4237-100,https://stockx.com/nike-air-fear-of-god-1-sail-black
https://sneakers-heat.com/products/air-fear-of-god-shoot-around-black-at9915-001,https://stockx.com/nike-air-fear-of-god-1-sa-black
https://sneakers-heat.com/products/air-fear-of-god-shoot-around-light-bone-at9915-002,https://stockx.com/nike-air-fear-of-god-1-sa-light-bone-black
https://sneakers-heat.com/products/air-force-1-a-cold-wall-black-bq6924-001,https://stockx.com/nike-air-force-1-low-a-cold-wall-black
https://sneakers-heat.com/products/air-force-1-a-cold-wall-white-bq6924-100,https://stockx.com/nike-air-force-1-low-a-cold-wall
https://sneakers-heat.com/products/air-force-1-off-white-volt-ao4606-700,https://stockx.com/nike-air-force-1-low-off-white-volt
https://sneakers-heat.com/products/air-force-1-playstation-2018-bq3634-001,https://stockx.com/nike-air-force-1-low-playstation-2018
https://sneakers-heat.com/products/air-force-1-skeleton-black-bq7541-001,https://stockx.com/nike-air-force-1-low-black-skeleton
https://sneakers-heat.com/products/air-force-1-supreme-cdg-2018-ar7623-001,https://stockx.com/nike-air-force-1-low-supreme-x-comme-des-garcons-2018
https://sneakers-heat.com/products/air-jordan-1-black-555088-022,https://stockx.com/air-jordan-1-retro-essentials-black
https://sneakers-heat.com/products/air-jordan-1-black-toe-satin-wmns-cd0461-016,https://stockx.com/air-jordan-1-retro-high-satin-black-toe-w
https://sneakers-heat.com/products/air-jordan-1-blue-chill-patent-obsidian-white-wmns-cd0461-401,https://stockx.com/air-jordan-1-retro-high-unc-patent-w
https://sneakers-heat.com/products/air-jordan-1-court-purple-555088-501,https://stockx.com/air-jordan-1-retro-high-court-purple
https://sneakers-heat.com/products/air-jordan-1-crimson-tint-575441-081,https://stockx.com/air-jordan-1-retro-high-black-hyper-pink
https://sneakers-heat.com/products/air-jordan-1-defiant-cd6579-071,https://stockx.com/air-jordan-1-retro-high-defiant-white-black-gym-red
https://sneakers-heat.com/products/air-jordan-1-defiant-couture-black-red-bq6682-006,https://stockx.com/air-jordan-1-retro-high-og-defiant-couture
https://sneakers-heat.com/products/air-jordan-1-dover-street-market-dsm-789747-401,https://stockx.com/jordan-1-retro-dover-street-market
https://sneakers-heat.com/products/air-jordan-1-fearless-ck5666-100,https://stockx.com/air-jordan-1-retro-high-fearless-unc-chicago
https://sneakers-heat.com/products/air-jordan-1-fearless-womens-cu6690-006,https://stockx.com/air-jordan-1-retro-high-fearless-metallic-rose-gold-w
https://sneakers-heat.com/products/air-jordan-1-first-class-555088-170,https://stockx.com/air-jordan-1-retro-high-first-class-flight
https://sneakers-heat.com/products/air-jordan-1-gym-red-555088-061,https://stockx.com/air-jordan-1-retro-high-black-gym-red
https://sneakers-heat.com/products/air-jordan-1-homage-to-home-chicago-numbered-ar9880-023,https://stockx.com/air-jordan-1-retro-high-homage-to-home
https://sneakers-heat.com/products/air-jordan-1-hyper-crimson-555088-018,https://stockx.com/air-jordan-1-retro-high-neutral-grey-hyper-crimson
https://sneakers-heat.com/products/air-jordan-1-low-sb-midnight-navy-cj7891-400,https://stockx.com/air-jordan-1-low-sb-vast-grey
https://sneakers-heat.com/products/air-jordan-1-low-sb-unc-cj7891-401,https://stockx.com/air-jordan-1-low-sb-unc
https://sneakers-heat.com/products/air-jordan-1-low-travis-scott-cq4277-001,https://stockx.com/air-jordan-1-retro-low-travis-scott
https://sneakers-heat.com/products/air-jordan-1-mid-leopard-bq6931-021,https://stockx.com/air-jordan-1-mid-se-leopard-gs
https://sneakers-heat.com/products/air-jordan-1-nigel-sylvester-bv1803-106,https://stockx.com/air-jordan-1-retro-high-nigel-sylvester
https://sneakers-heat.com/products/air-jordan-1-obsidian-university-blue-555088-140,https://stockx.com/air-jordan-1-retro-high-unc-leather
https://sneakers-heat.com/products/air-jordan-1-panda-wmns-cd0461-007,https://stockx.com/air-jordan-1-retro-high-black-white-w
https://sneakers-heat.com/products/air-jordan-1-phantom-sail-555088-160,https://stockx.com/air-jordan-1-retro-high-phantom-gym-red
https://sneakers-heat.com/products/air-jordan-1-psg-ar3254-001,https://stockx.com/air-jordan-1-retro-high-paris-saint-germain
https://sneakers-heat.com/products/air-jordan-1-retro-high-off-white-nrg-white-aq0818-100,https://stockx.com/air-jordan-1-retro-high-off-white-white
https://sneakers-heat.com/products/air-jordan-1-retro-high-rookie-of-the-year-555088-700,https://stockx.com/air-jordan-1-retro-high-rookie-of-the-year
https://sneakers-heat.com/products/air-jordan-1-royal-blue-2017-555088-007,https://stockx.com/air-jordan-1-retro-black-blue-2017
https://sneakers-heat.com/products/air-jordan-1-sb-court-purple-lakers-chicago-cd6578-507,https://stockx.com/air-jordan-1-sb-la-to-chicago
https://sneakers-heat.com/products/air-jordan-1-sb-light-bone-cd6578-006,https://stockx.com/air-jordan-1-sb-nyc-to-paris
https://sneakers-heat.com/products/air-jordan-1-shadow-2018-555088-013,https://stockx.com/air-jordan-1-retro-high-shadow-2018
https://sneakers-heat.com/products/air-jordan-1-shattered-backboard-3-0-555088-028,https://stockx.com/air-jordan-1-retro-high-shattered-backboard-3
https://sneakers-heat.com/products/air-jordan-1-spider-man-555088-602,https://stockx.com/air-jordan-1-retro-high-chicago-crystal
https://sneakers-heat.com/products/air-jordan-1-sports-illustrated-555088-015,https://stockx.com/air-jordan-1-retro-high-sports-illustrated
https://sneakers-heat.com/products/air-jordan-1-track-red-1-555088-112,https://stockx.com/air-jordan-1-retro-high-6-rings
https://sneakers-heat.com/products/air-jordan-1-travis-scott-cd4487-100,https://stockx.com/air-jordan-1-retro-high-travis-scott
https://sneakers-heat.com/products/air-jordan-1-turbo-green-555088-311,https://stockx.com/air-jordan-1-retro-high-turbo-green
https://sneakers-heat.com/products/air-jordan-1-union-los-angeles-black-toe-bv1300-106,https://stockx.com/air-jordan-1-retro-high-union-los-angeles-black-toe
https://sneakers-heat.com/products/air-jordan-11-concord-2018-378037-100,https://stockx.com/air-jordan-11-retro-concord-2018
https://sneakers-heat.com/products/air-jordan-11-low-snakeskin-navy-cd6846-102,https://stockx.com/air-jordan-11-retro-low-snake-navy-2019
https://sneakers-heat.com/products/air-jordan-11-platinum-tint-378037-016,https://stockx.com/air-jordan-11-retro-platinum-tint
https://sneakers-heat.com/products/air-jordan-14-supreme-black-bv7630-004,https://stockx.com/air-jordan-14-retro-supreme-black
https://sneakers-heat.com/products/air-jordan-14-supreme-white-bv7630-106,https://stockx.com/air-jordan-14-retro-supreme-white
https://sneakers-heat.com/products/air-jordan-3-chlorophyll-136064-006,https://stockx.com/air-jordan-3-retro-chlorophyll
https://sneakers-heat.com/products/air-jordan-3-knicks-136064-148,https://stockx.com/air-jordan-3-retro-knicks
https://sneakers-heat.com/products/air-jordan-3-mocha-2018-136064-122,https://stockx.com/air-jordan-3-retro-mocha-2018
https://sneakers-heat.com/products/air-jordan-3-tinker-hatfield-aq3835-160,https://stockx.com/air-jordan-3-retro-tinker-hatfield
https://sneakers-heat.com/products/air-jordan-3-x-air-max-1-tinker-university-red-cj0939-100,https://stockx.com/air-jordan-3-retro-tinker-white-university-red
https://sneakers-heat.com/products/air-jordan-4-bred-2019-308497-060,https://stockx.com/air-jordan-4-retro-bred-2019
https://sneakers-heat.com/products/air-jordan-4-cement-grey-og-2016-840606-192,https://stockx.com/jordan-4-retro-white-cement-2016
https://sneakers-heat.com/products/air-jordan-4-cool-grey-2019-308497-007,https://stockx.com/air-jordan-4-retro-cool-grey-2019
https://sneakers-heat.com/products/air-jordan-4-raptors-drake-aq3816-056,https://stockx.com/air-jordan-4-retro-raptors-drake-2019
https://sneakers-heat.com/products/air-jordan-5-michigan-cq9541-704,https://stockx.com/air-jordan-5-retro-michigan-2019
https://sneakers-heat.com/products/air-jordan-6-aleali-may-ci0550-600,https://stockx.com/air-jordan-6-retro-aleali-may-w
https://sneakers-heat.com/products/air-jordan-6-black-infrared-og-2019-384664-060,https://stockx.com/air-jordan-6-retro-black-infrared-2019
https://sneakers-heat.com/products/air-jordan-6-reflections-of-a-champion-ci4072-001,https://stockx.com/air-jordan-6-retro-reflective-infrared
https://sneakers-heat.com/products/air-jordan-6-travis-scott-cn1084-200,https://stockx.com/air-jordan-6-retro-travis-scott
https://sneakers-heat.com/products/air-jordan-7-patta-at3375-200,https://stockx.com/air-jordan-7-retro-patta-shimmer
https://sneakers-heat.com/products/air-jordan-7-patta-icicle-at3375-100,https://stockx.com/air-jordan-7-retro-patta-icicle
https://sneakers-heat.com/products/air-jordan-7-reflections-of-a-champion,https://stockx.com/air-jordan-7-retro-reflective-cardinal
https://sneakers-heat.com/products/air-max-1-atmos-3-0-giraffe-aq0928-902,https://stockx.com/nike-air-max-1-atmos-animal-3-giraffe
https://sneakers-heat.com/products/air-max-1-atmos-3-0-leopard-aq0928-901,https://stockx.com/nike-air-max-1-atmos-animal-3-leopard
https://sneakers-heat.com/products/air-max-1-atmos-3-0-tiger-aq0928-900,https://stockx.com/nike-air-max-1-atmos-animal-3-tiger
https://sneakers-heat.com/products/air-max-1-parra,https://stockx.com/nike-air-max-1-parra-2018
https://sneakers-heat.com/products/air-max-1-sketch-to-shelf-black-cj4286-001,https://stockx.com/nike-air-max-1-tinker-sketch-to-shelf-black
https://sneakers-heat.com/products/air-max-1-sketch-to-shelf-red-cj4286-101,https://stockx.com/nike-air-max-1-tinker-sketch
https://sneakers-heat.com/products/air-max-1-susan-missing-link-ck6643-100,https://stockx.com/nike-air-max-1-susan-missing-link
https://sneakers-heat.com/products/air-max-1-tokyo-ci1505-001,https://stockx.com/nike-air-max-1-tokyo-maze
https://sneakers-heat.com/products/air-max-180-berlin-bv7487-001,https://stockx.com/nike-air-max-180-berlin
https://sneakers-heat.com/products/air-max-90-mars-landing-cd0920-600,https://stockx.com/nike-air-max-90-mars-landing
https://sneakers-heat.com/products/air-max-90-off-white-black-aa7293-001,https://stockx.com/nike-air-max-90-off-white-black
https://sneakers-heat.com/products/air-max-90-off-white-desert-ore-mango-aa7293-200,https://stockx.com/nike-air-max-90-off-white-desert-ore
https://sneakers-heat.com/products/air-max-97-london-summer-of-love,https://stockx.com/nike-air-max-97-london-summer-of-love
https://sneakers-heat.com/products/air-max-97-neon-seoul-ci1503-001,https://stockx.com/nike-air-max-97-neon-seoul
https://sneakers-heat.com/products/air-max-98-la-mezcla-nyc-ci1502-001,https://stockx.com/nike-air-max-98-la-mezcla
https://sneakers-heat.com/products/air-max-tailwind-iv-supreme-black-at3854-001,https://stockx.com/nike-air-max-tailwind-4-supreme-black
https://sneakers-heat.com/products/air-max-tailwind-iv-supreme-white-at3854-100,https://stockx.com/nike-air-max-tailwind-4-supreme-white
https://sneakers-heat.com/products/air-skylon-2-fear-of-god-black-sail-fossil-bq2752-001,https://stockx.com/nike-air-skylon-2-fear-of-god-black-sail
https://sneakers-heat.com/products/air-skylon-2-fear-of-god-light-bone-bq2752-003,https://stockx.com/nike-air-skylon-2-fear-of-god-bone
https://sneakers-heat.com/products/air-skylon-2-fear-of-god-white-bq2752-100,https://stockx.com/nike-air-skylon-2-fear-of-god-white
https://sneakers-heat.com/products/air-tailwind-79-stranger-things-cj6108-300,https://stockx.com/nike-tailwind-79-og-stranger-things-hawkins-high-school
https://sneakers-heat.com/products/air-tailwind-79-stranger-things-og-ck1905-100,https://stockx.com/nike-tailwind-79-og-stranger-things-independence-day-pack
https://sneakers-heat.com/products/air-tailwind-79-stranger-things-upside-down,https://stockx.com/nike-air-tailwind-79-stranger-things-sail
https://sneakers-heat.com/products/air-vapormax-2019-cpfm-cd7001-30,https://stockx.com/nike-air-vapormax-2019-cpfm
https://sneakers-heat.com/products/blazer-low-sb-parra-cn4507-100,https://stockx.com/nike-sb-blazer-low-parra
https://sneakers-heat.com/products/blazer-mid-77-vintage-slam-jam-cd8233-101,https://stockx.com/nike-blazer-mid-77-vintage-slam-jam
https://sneakers-heat.com/products/blazer-stranger-things-hawkins-high-cj6101-100,https://stockx.com/nike-blazer-high-stranger-things-hawkins-high-school
https://sneakers-heat.com/products/blazer-stranger-things-og-ck1906-400,https://stockx.com/nike-blazer-high-stranger-things-independence-day-pack
https://sneakers-heat.com/products/blazer-stranger-things-upside-down-cj6102-100,https://stockx.com/nike-blazer-mid-stranger-things-upside-down-pack
https://sneakers-heat.com/products/converse-chuck-taylor-all-star-70s-hi-off-white-163862c,https://stockx.com/converse-chuck-taylor-all-star-70s-hi-off-white
https://sneakers-heat.com/products/dunk-low-sb-parra-cn4504-100,https://stockx.com/nike-sb-dunk-low-parra
https://sneakers-heat.com/products/dunk-low-sb-supreme-jewel-gold-ck3480-700,https://stockx.com/nike-sb-dunk-low-supreme-jewel-swoosh-gold
https://sneakers-heat.com/products/dunk-low-sb-supreme-jewel-red-ck3480-600,https://stockx.com/nike-sb-dunk-low-supreme-jewel-swoosh-red
https://sneakers-heat.com/products/dunk-low-sb-supreme-jewel-silver-ck3480-001,https://stockx.com/nike-sb-dunk-low-supreme-jewel-swoosh-silver
https://sneakers-heat.com/products/ld-waffle-sacai-black-bv0073-001,https://stockx.com/nike-ld-waffle-sacai-dark-grey-black-anthracite
https://sneakers-heat.com/products/ld-waffle-sacai-blue-bv0073-400,https://stockx.com/nike-ld-waffle-sacai-blue-multi
https://sneakers-heat.com/products/ld-waffle-sacai-green-bv0073-300,https://stockx.com/nike-ld-waffle-sacai-green-multi
https://sneakers-heat.com/products/ld-waffle-sacai-grey-bv0073-100,https://stockx.com/nike-ld-waffle-sacai-white-grey
https://sneakers-heat.com/products/ld-waffle-sacai-pine-green-bv0073-301,https://stockx.com/nike-ld-waffle-sacai-green-purple
https://sneakers-heat.com/products/nike-air-fear-of-god-raid-black-at8087-002,https://stockx.com/nike-air-fear-of-god-raid-black
https://sneakers-heat.com/products/nike-air-fear-of-god-raid-light-bone-at8087-001,https://stockx.com/nike-air-fear-of-god-raid-light-bone
https://sneakers-heat.com/products/nike-air-max-1-97-sean-wotherspoon,https://stockx.com/nike-air-max-1-97-sean-wotherspoon-na
https://sneakers-heat.com/products/nike-air-max-97-off-white-black,https://stockx.com/nike-air-max-97-off-white-black
https://sneakers-heat.com/products/nike-blazer-mid-off-white-grim-reaper-aa3832-001,https://stockx.com/nike-blazer-mid-off-white-grim-reaper
https://sneakers-heat.com/products/nike-blazer-sacai-black-grey-bv0072-002,https://stockx.com/nike-blazer-high-sacai-black-grey
https://sneakers-heat.com/products/nike-blazer-sacai-legend-blue-bv0072-001,https://stockx.com/nike-blazer-high-sacai-white-black-legend-blue
https://sneakers-heat.com/products/nike-blazer-sacai-snow-beach-bv0072-700,https://stockx.com/nike-blazer-high-sacai-snow-beach
https://sneakers-heat.com/products/nike-blazer-sacai-white-grey-bv0072-100,https://stockx.com/nike-blazer-high-sacai-white-grey
https://sneakers-heat.com/products/nike-daybreak-undercover-black-bv4594-001,https://stockx.com/nike-daybreak-undercover-black
https://sneakers-heat.com/products/nike-daybreak-undercover-blue-jay-bv4594-400,https://stockx.com/nike-daybreak-undercover-blue-jay
https://sneakers-heat.com/products/nike-react-element-87-anthracite-black,https://stockx.com/nike-react-element-87-anthracite-black
https://sneakers-heat.com/products/nike-react-element-87-dark-grey-photo-blue,https://stockx.com/nike-react-element-87-dark-grey-photo-blue
https://sneakers-heat.com/products/nike-react-element-87-desert-sand,https://stockx.com/nike-react-element-87-desert-sand
https://sneakers-heat.com/products/nike-react-element-87-knicks,https://stockx.com/nike-react-element-87-knicks
https://sneakers-heat.com/products/nike-react-element-87-neptune-green-south-beach,https://stockx.com/nike-react-element-87-black-neptune-green
https://sneakers-heat.com/products/nike-react-element-87-sail-light-bone,https://stockx.com/nike-react-element-87-sail-light-bone
https://sneakers-heat.com/products/nike-react-element-87-solar-red,https://stockx.com/nike-react-element-87-blue-chill-solar-red
https://sneakers-heat.com/products/nike-react-element-87-undercover-lakeside,https://stockx.com/nike-react-element-87-undercover-lakeside
https://sneakers-heat.com/products/nike-react-element-87-undercover-light-beige-chalk,https://stockx.com/nike-react-element-87-undercover-light-beige-chalk
https://sneakers-heat.com/products/nike-react-element-87-undercover-volt,https://stockx.com/nike-react-element-87-undercover-volt
https://sneakers-heat.com/products/nike-zoom-fly-off-white-black-aj4588-001,https://stockx.com/nike-zoom-fly-off-white-black-silver
https://sneakers-heat.com/products/nike-zoom-fly-off-white-pink-aj4588-600,https://stockx.com/nike-zoom-fly-off-white-pink
https://sneakers-heat.com/products/react-element-87-dusty-peach-aq1090-200,https://stockx.com/nike-react-element-87-dusty-peach
https://sneakers-heat.com/products/react-element-87-light-orewood-brown-laser-orange-aq1090-101,https://stockx.com/nike-react-element-87-light-orewood-brown
https://sneakers-heat.com/products/react-element-87-medium-olive-camo-cj4988-200,https://stockx.com/nike-react-element-87-medium-olive-bright-crimson
https://sneakers-heat.com/products/react-element-87-moss-aq1090-300,https://stockx.com/nike-react-element-87-moss
https://sneakers-heat.com/products/react-element-87-orange-peel-cj6897-113,https://stockx.com/nike-react-element-87-orange-peel
https://sneakers-heat.com/products/react-element-87-royal-tint-aq1090-400,https://stockx.com/nike-react-element-87-royal-tint
https://sneakers-heat.com/products/react-element-87-volt-racer-pink-black-aurora-aq1090-700,https://stockx.com/nike-react-element-87-volt-racer-pink
https://sneakers-heat.com/products/react-runner-mid-wr-ispa-black-at3143-001,https://stockx.com/nike-react-runner-mid-wr-ispa-black
https://sneakers-heat.com/products/yeezy-boost-700-v2-vanta-fu6684,https://stockx.com/adidas-yeezy-boost-700-v2-vanta
https://sneakers-heat.com/products/zoom-fly-off-white-mercurial-black-ao2115-001,https://stockx.com/nike-zoom-fly-mercurial-off-white-black
https://sneakers-heat.com/products/zoom-fly-off-white-mercurial-orange-ao2115-800,https://stockx.com/nike-zoom-fly-mercurial-off-white-total-orange
https://sneakers-heat.com/products/zoom-kiger-5-off-white-black-cd8179-001,https://stockx.com/nike-zoom-terra-kiger-5-off-white-black-w
https://sneakers-heat.com/products/zoom-kiger-5-off-white-electric-green-cd8179-300,https://stockx.com/nike-zoom-terra-kiger-5-off-white-electric-green-w
https://sneakers-heat.com/products/zoom-kiger-5-off-white-white-cd8179-100,https://stockx.com/nike-zoom-terra-kiger-5-off-white-white-w
https://sneakers-heat.com/products/zx-500-dragon-ball-z-son-goku-d97046,https://stockx.com/adidas-zx-500-dragon-ball-z-son-goku
